,SMALL_BLIND,BIG_BLIND
0,1,2
1,1,2
2,1,2
3,1,2
4,1,2
5,1,2
6,1,2
7,1,2
8,1,2
9,1,2
10,1,2
11,1,2
12,1,2
13,1,2
14,1,2
15,1,2
16,1,2
17,1,2
18,1,2
19,1,2
20,1,2
21,1,2
22,1,2
23,1,2
24,1,2
25,1,2
26,1,2
27,1,2
28,1,2
29,1,2
30,1,2
31,1,2
32,1,2
33,1,2
34,1,2
35,1,2
36,1,2
37,1,2
38,1,2
39,1,2
40,1,2
41,1,2
42,1,2
43,1,2
44,1,2
45,1,2
46,1,2
47,1,2
48,1,2
49,1,2
50,1,2
51,1,2
52,1,2
53,1,2
54,1,2
55,1,2
56,1,2
57,1,2
58,1,2
59,1,2
60,1,2
61,1,2
62,1,2
63,1,2
64,1,2
65,1,2
66,1,2
67,1,2
68,1,2
69,1,2
70,1,2
71,1,2
72,1,2
73,1,2
74,1,2
75,1,2
76,1,2
77,1,2
78,1,2
79,1,2
80,1,2
81,1,2
82,1,2
83,1,2
84,1,2
85,1,2
86,1,2
87,1,2
88,1,2
89,1,2
90,1,2
91,1,2
92,1,2
93,1,2
94,1,2
95,1,2
96,1,2
97,1,2
98,1,2
99,1,2
100,1,2
101,1,2
102,1,2
103,1,2
104,1,2
105,1,2
106,1,2
107,1,2
108,1,2
109,1,2
110,1,2
111,1,2
112,1,2
113,1,2
114,1,2
115,1,2
116,1,2
117,1,2
118,1,2
119,1,2
120,1,2
121,1,2
122,1,2
123,1,2
124,1,2
125,1,2
126,1,2
127,1,2
128,1,2
129,1,2
130,1,2
131,1,2
132,1,2
133,1,2
134,1,2
135,1,2
136,1,2
137,1,2
138,1,2
139,1,2
140,1,2
141,1,2
142,1,2
143,1,2
144,1,2
145,1,2
146,1,2
147,1,2
148,1,2
149,1,2
150,1,2
151,1,2
152,1,2
153,1,2
154,1,2
155,1,2
156,1,2
157,1,2
158,1,2
159,1,2
160,1,2
161,1,2
162,1,2
163,1,2
164,1,2
165,1,2
166,1,2
167,1,2
168,1,2
169,1,2
170,1,2
171,1,2
172,1,2
173,1,2
174,1,2
175,1,2
176,1,2
177,1,2
178,1,2
179,1,2
180,1,2
181,1,2
182,1,2
183,1,2
184,1,2
185,1,2
186,1,2
187,1,2
188,1,2
189,1,2
190,1,2
191,1,2
192,1,2
193,1,2
194,1,2
195,1,2
196,1,2
197,1,2
198,1,2
199,1,2
200,1,2
201,1,2
202,1,2
203,1,2
204,1,2
205,1,2
206,1,2
207,1,2
208,1,2
209,1,2
210,1,2
211,1,2
212,1,2
213,1,2
214,1,2
215,1,2
216,1,2
217,1,2
218,1,2
219,1,2
220,1,2
221,1,2
222,1,2
223,1,2
224,1,2
225,1,2
226,1,2
227,1,2
228,1,2
229,1,2
230,1,2
231,1,2
232,1,2
233,1,2
234,1,2
235,1,2
236,1,2
237,1,2
238,1,2
239,1,2
240,1,2
241,1,2
242,1,2
243,1,2
244,1,2
245,1,2
246,1,2
247,1,2
248,1,2
249,1,2
250,1,2
251,1,2
252,1,2
253,1,2
254,1,2
255,1,2
256,1,2
257,1,2
258,1,2
259,1,2
260,1,2
261,1,2
262,1,2
263,1,2
264,1,2
265,1,2
266,1,2
267,1,2
268,1,2
269,1,2
270,1,2
271,1,2
272,1,2
273,1,2
274,1,2
275,1,2
276,1,2
277,1,2
278,1,2
279,1,2
280,1,2
281,1,2
282,1,2
283,1,2
284,1,2
285,1,2
286,1,2
287,1,2
288,1,2
289,1,2
290,1,2
291,1,2
292,1,2
293,1,2
294,1,2
295,1,2
296,1,2
297,1,2
298,1,2
299,1,2
300,1,2
301,1,2
302,1,2
303,1,2
304,1,2
305,1,2
306,1,2
307,1,2
308,1,2
309,1,2
310,1,2
311,1,2
312,1,2
313,1,2
314,1,2
315,1,2
316,1,2
317,1,2
318,1,2
319,1,2
320,1,2
321,1,2
322,1,2
323,1,2
324,1,2
325,1,2
326,1,2
327,1,2
328,1,2
329,1,2
330,1,2
331,1,2
332,1,2
333,1,2
334,1,2
335,1,2
336,1,2
337,1,2
338,1,2
339,1,2
340,1,2
341,1,2
342,1,2
343,1,2
344,1,2
345,1,2
346,1,2
347,1,2
348,1,2
349,1,2
350,1,2
351,1,2
352,1,2
353,1,2
354,1,2
355,1,2
356,1,2
357,1,2
358,1,2
359,1,2
360,1,2
361,1,2
362,1,2
363,1,2
364,1,2
365,1,2
366,1,2
367,1,2
368,1,2
369,1,2
370,1,2
371,1,2
372,1,2
373,1,2
374,1,2
375,1,2
376,1,2
377,1,2
378,1,2
379,1,2
380,1,2
381,1,2
382,1,2
383,1,2
384,1,2
385,1,2
386,1,2
387,1,2
388,1,2
389,1,2
390,1,2
391,1,2
392,1,2
393,1,2
394,1,2
395,1,2
396,1,2
397,1,2
398,1,2
399,1,2
400,1,2
401,1,2
402,1,2
403,1,2
404,1,2
405,1,2
406,1,2
407,1,2
408,1,2
409,1,2
410,1,2
411,1,2
412,1,2
413,1,2
414,1,2
415,1,2
416,1,2
417,1,2
418,1,2
419,1,2
420,1,2
421,1,2
422,1,2
423,1,2
424,1,2
425,1,2
426,1,2
427,1,2
428,1,2
429,1,2
430,1,2
431,1,2
432,1,2
433,1,2
434,1,2
435,1,2
436,1,2
437,1,2
438,1,2
439,1,2
440,1,2
441,1,2
442,1,2
443,1,2
444,1,2
445,1,2
446,1,2
447,1,2
448,1,2
449,1,2
450,1,2
451,1,2
452,1,2
453,1,2
454,1,2
455,1,2
456,1,2
457,1,2
458,1,2
459,1,2
460,1,2
461,1,2
462,1,2
463,1,2
464,1,2
465,1,2
466,1,2
467,1,2
468,1,2
469,1,2
470,1,2
471,1,2
472,1,2
473,1,2
474,1,2
475,1,2
476,1,2
477,1,2
478,1,2
479,1,2
480,1,2
481,1,2
482,1,2
483,1,2
484,1,2
485,1,2
486,1,2
487,1,2
488,1,2
489,1,2
490,1,2
491,1,2
492,1,2
493,1,2
494,1,2
495,1,2
496,1,2
497,1,2
498,1,2
499,1,2
500,1,2
501,1,2
502,1,2
503,1,2
504,1,2
505,1,2
506,1,2
507,1,2
508,1,2
509,1,2
510,1,2
511,1,2
512,1,2
513,1,2
514,1,2
515,1,2
516,1,2
517,1,2
518,1,2
519,1,2
520,1,2
521,1,2
522,1,2
523,1,2
524,1,2
525,1,2
526,1,2
527,1,2
528,1,2
529,1,2
530,1,2
531,1,2
532,1,2
533,1,2
534,1,2
535,1,2
536,1,2
537,1,2
538,1,2
539,1,2
540,1,2
541,1,2
542,1,2
543,1,2
544,1,2
545,1,2
546,1,2
547,1,2
548,1,2
549,1,2
550,1,2
551,1,2
552,1,2
553,1,2
554,1,2
555,1,2
556,1,2
557,1,2
558,1,2
559,1,2
560,1,2
561,1,2
562,1,2
563,1,2
564,1,2
565,1,2
566,1,2
567,1,2
568,1,2
569,1,2
570,1,2
571,1,2
572,1,2
573,1,2
574,1,2
575,1,2
576,1,2
577,1,2
578,1,2
579,1,2
580,1,2
581,1,2
582,1,2
583,1,2
584,1,2
585,1,2
586,1,2
587,1,2
588,1,2
589,1,2
590,1,2
591,1,2
592,1,2
593,1,2
594,1,2
595,1,2
596,1,2
597,1,2
598,1,2
599,1,2
600,1,2
601,1,2
602,1,2
603,1,2
604,1,2
605,1,2
606,1,2
607,1,2
608,1,2
609,1,2
610,1,2
611,1,2
612,1,2
613,1,2
614,1,2
615,1,2
616,1,2
617,1,2
618,1,2
619,1,2
620,1,2
621,1,2
622,1,2
623,1,2
624,1,2
625,1,2
626,1,2
627,1,2
628,1,2
629,1,2
630,1,2
631,1,2
632,1,2
633,1,2
634,1,2
635,1,2
636,1,2
637,1,2
638,1,2
639,1,2
640,1,2
641,1,2
642,1,2
643,1,2
644,1,2
645,1,2
646,1,2
647,1,2
648,1,2
649,1,2
650,1,2
651,1,2
652,1,2
653,1,2
654,1,2
655,1,2
656,1,2
657,1,2
658,1,2
659,1,2
660,1,2
661,1,2
662,1,2
663,1,2
664,1,2
665,1,2
666,1,2
667,1,2
668,1,2
669,1,2
670,1,2
671,1,2
672,1,2
673,1,2
674,1,2
675,1,2
676,1,2
677,1,2
678,1,2
679,1,2
680,1,2
681,1,2
682,1,2
683,1,2
684,1,2
685,1,2
686,1,2
687,1,2
688,1,2
689,1,2
690,1,2
691,1,2
692,1,2
693,1,2
694,1,2
695,1,2
696,1,2
697,1,2
698,1,2
699,1,2
700,1,2
701,1,2
702,1,2
703,1,2
704,1,2
705,1,2
706,1,2
707,1,2
708,1,2
709,1,2
710,1,2
711,1,2
712,1,2
713,1,2
714,1,2
715,1,2
716,1,2
717,1,2
718,1,2
719,1,2
720,1,2
721,1,2
722,1,2
723,1,2
724,1,2
725,1,2
726,1,2
727,1,2
728,1,2
729,1,2
730,1,2
731,1,2
732,1,2
733,1,2
734,1,2
735,1,2
736,1,2
737,1,2
738,1,2
739,1,2
740,1,2
741,1,2
742,1,2
743,1,2
744,1,2
745,1,2
746,1,2
747,1,2
748,1,2
749,1,2
750,1,2
751,1,2
752,1,2
753,1,2
754,1,2
755,1,2
756,1,2
757,1,2
758,1,2
759,1,2
760,1,2
761,1,2
762,1,2
763,1,2
764,1,2
765,1,2
766,1,2
767,1,2
768,1,2
769,1,2
770,1,2
771,1,2
772,1,2
773,1,2
774,1,2
775,1,2
776,1,2
777,1,2
778,1,2
779,1,2
780,1,2
781,1,2
782,1,2
783,1,2
784,1,2
785,1,2
786,1,2
787,1,2
788,1,2
789,1,2
790,1,2
791,1,2
792,1,2
793,1,2
794,1,2
795,1,2
796,1,2
797,1,2
798,1,2
799,1,2
800,1,2
801,1,2
802,1,2
803,1,2
804,1,2
805,1,2
806,1,2
807,1,2
808,1,2
809,1,2
810,1,2
811,1,2
812,1,2
813,1,2
814,1,2
815,1,2
816,1,2
817,1,2
818,1,2
819,1,2
820,1,2
821,1,2
822,1,2
823,1,2
824,1,2
825,1,2
826,1,2
827,1,2
828,1,2
829,1,2
830,1,2
831,1,2
832,1,2
833,1,2
834,1,2
835,1,2
836,1,2
837,1,2
838,1,2
839,1,2
840,1,2
841,1,2
842,1,2
843,1,2
844,1,2
845,1,2
846,1,2
847,1,2
848,1,2
849,1,2
850,1,2
851,1,2
852,1,2
853,1,2
854,1,2
855,1,2
856,1,2
857,1,2
858,1,2
859,1,2
860,1,2
861,1,2
862,1,2
863,1,2
864,1,2
865,1,2
866,1,2
867,1,2
868,1,2
869,1,2
870,1,2
871,1,2
872,1,2
873,1,2
874,1,2
875,1,2
876,1,2
877,1,2
878,1,2
879,1,2
880,1,2
881,1,2
882,1,2
883,1,2
884,1,2
885,1,2
886,1,2
887,1,2
888,1,2
889,1,2
890,1,2
891,1,2
892,1,2
893,1,2
894,1,2
895,1,2
896,1,2
897,1,2
898,1,2
899,1,2
900,1,2
901,1,2
902,1,2
903,1,2
904,1,2
905,1,2
906,1,2
907,1,2
908,1,2
909,1,2
910,1,2
911,1,2
912,1,2
913,1,2
914,1,2
915,1,2
916,1,2
917,1,2
918,1,2
919,1,2
920,1,2
921,1,2
922,1,2
923,1,2
924,1,2
925,1,2
926,1,2
927,1,2
928,1,2
929,1,2
930,1,2
931,1,2
932,1,2
933,1,2
934,1,2
935,1,2
936,1,2
937,1,2
938,1,2
939,1,2
940,1,2
941,1,2
942,1,2
943,1,2
944,1,2
945,1,2
946,1,2
947,1,2
948,1,2
949,1,2
950,1,2
951,1,2
952,1,2
953,1,2
954,1,2
955,1,2
956,1,2
957,1,2
958,1,2
959,1,2
960,1,2
961,1,2
962,1,2
963,1,2
964,1,2
965,1,2
966,1,2
967,1,2
968,1,2
969,1,2
970,1,2
971,1,2
972,1,2
973,1,2
974,1,2
975,1,2
976,1,2
977,1,2
978,1,2
979,1,2
980,1,2
981,1,2
982,1,2
983,1,2
984,1,2
985,1,2
986,1,2
987,1,2
988,1,2
989,1,2
990,1,2
991,1,2
992,1,2
993,1,2
994,1,2
995,1,2
996,1,2
997,1,2
998,1,2
999,1,2
1000,1,2
1001,1,2
1002,1,2
1003,1,2
1004,1,2
1005,1,2
1006,1,2
1007,1,2
1008,1,2
1009,1,2
1010,1,2
1011,1,2
1012,1,2
1013,1,2
1014,1,2
1015,1,2
1016,1,2
1017,1,2
1018,1,2
1019,1,2
1020,1,2
1021,1,2
1022,1,2
1023,1,2
1024,1,2
1025,1,2
1026,1,2
1027,1,2
1028,1,2
1029,1,2
1030,1,2
1031,1,2
1032,1,2
1033,1,2
1034,1,2
1035,1,2
1036,1,2
1037,1,2
1038,1,2
1039,1,2
1040,1,2
1041,1,2
1042,1,2
1043,1,2
1044,1,2
1045,1,2
1046,1,2
1047,1,2
1048,1,2
1049,1,2
1050,1,2
1051,1,2
1052,1,2
1053,1,2
1054,1,2
1055,1,2
1056,1,2
1057,1,2
1058,1,2
1059,1,2
1060,1,2
1061,1,2
1062,1,2
1063,1,2
1064,1,2
1065,1,2
1066,1,2
1067,1,2
1068,1,2
1069,1,2
1070,1,2
1071,1,2
1072,1,2
1073,1,2
1074,1,2
1075,1,2
1076,1,2
1077,1,2
1078,1,2
1079,1,2
1080,1,2
1081,1,2
1082,1,2
1083,1,2
1084,1,2
1085,1,2
1086,1,2
1087,1,2
1088,1,2
1089,1,2
1090,1,2
1091,1,2
1092,1,2
1093,1,2
1094,1,2
1095,1,2
1096,1,2
1097,1,2
1098,1,2
1099,1,2
1100,1,2
1101,1,2
1102,1,2
1103,1,2
1104,1,2
1105,1,2
1106,1,2
1107,1,2
1108,1,2
1109,1,2
1110,1,2
1111,1,2
1112,1,2
1113,1,2
1114,1,2
1115,1,2
1116,1,2
1117,1,2
1118,1,2
1119,1,2
1120,1,2
1121,1,2
1122,1,2
1123,1,2
1124,1,2
1125,1,2
1126,1,2
1127,1,2
1128,1,2
1129,1,2
1130,1,2
1131,1,2
1132,1,2
1133,1,2
1134,1,2
1135,2,5
1136,2,5
1137,2,5
1138,2,5
1139,2,5
1140,2,5
1141,2,5
1142,2,5
1143,2,5
1144,2,5
1145,2,5
1146,2,5
1147,2,5
1148,2,5
1149,2,5
1150,2,5
1151,2,5
1152,2,5
1153,2,5
1154,2,5
1155,2,5
1156,2,5
1157,2,5
1158,2,5
1159,2,5
1160,2,5
1161,2,5
1162,2,5
1163,2,5
1164,2,5
1165,2,5
1166,2,5
1167,2,5
1168,2,5
1169,2,5
1170,2,5
1171,2,5
1172,2,5
1173,2,5
1174,2,5
1175,2,5
1176,2,5
1177,2,5
1178,2,5
1179,2,5
1180,2,5
1181,2,5
1182,2,5
1183,2,5
1184,2,5
1185,2,5
1186,2,5
1187,2,5
1188,2,5
1189,2,5
1190,2,5
1191,2,5
1192,2,5
1193,2,5
1194,2,5
1195,2,5
1196,2,5
1197,2,5
1198,2,5
1199,2,5
1200,2,5
1201,2,5
1202,2,5
1203,2,5
1204,2,5
1205,2,5
1206,2,5
1207,2,5
1208,2,5
1209,2,5
1210,2,5
1211,2,5
1212,2,5
1213,2,5
1214,2,5
1215,2,5
1216,2,5
1217,2,5
1218,2,5
1219,2,5
1220,2,5
1221,2,5
1222,2,5
1223,2,5
1224,2,5
1225,2,5
1226,2,5
1227,2,5
1228,2,5
1229,2,5
1230,2,5
1231,2,5
1232,2,5
1233,2,5
1234,2,5
1235,2,5
1236,2,5
1237,2,5
1238,2,5
1239,2,5
1240,2,5
1241,2,5
1242,2,5
1243,2,5
1244,2,5
1245,2,5
1246,2,5
1247,2,5
1248,2,5
1249,2,5
1250,2,5
1251,2,5
1252,2,5
1253,2,5
1254,2,5
1255,2,5
1256,2,5
1257,2,5
1258,2,5
1259,2,5
1260,2,5
1261,2,5
1262,2,5
1263,2,5
1264,2,5
1265,2,5
1266,2,5
1267,2,5
1268,2,5
1269,2,5
1270,2,5
1271,2,5
1272,2,5
1273,2,5
1274,2,5
1275,2,5
1276,2,5
1277,2,5
1278,2,5
1279,2,5
1280,2,5
1281,2,5
1282,2,5
1283,2,5
1284,2,5
1285,2,5
1286,2,5
1287,2,5
1288,2,5
1289,2,5
1290,2,5
1291,2,5
1292,2,5
1293,2,5
1294,2,5
1295,2,5
1296,2,5
1297,2,5
1298,2,5
1299,2,5
1300,2,5
1301,2,5
1302,2,5
1303,2,5
1304,2,5
1305,2,5
1306,2,5
1307,2,5
1308,2,5
1309,2,5
1310,2,5
1311,2,5
1312,2,5
1313,2,5
1314,2,5
1315,2,5
1316,2,5
1317,2,5
1318,2,5
1319,2,5
1320,2,5
1321,2,5
1322,2,5
1323,2,5
1324,2,5
1325,2,5
1326,2,5
1327,2,5
1328,2,5
1329,2,5
1330,2,5
1331,2,5
1332,2,5
1333,2,5
1334,2,5
1335,2,5
1336,2,5
1337,2,5
1338,2,5
1339,2,5
1340,2,5
1341,2,5
1342,2,5
1343,2,5
1344,2,5
1345,2,5
1346,2,5
1347,2,5
1348,2,5
1349,2,5
1350,2,5
1351,2,5
1352,2,5
1353,2,5
1354,2,5
1355,2,5
1356,2,5
1357,2,5
1358,2,5
1359,2,5
1360,2,5
1361,2,5
1362,2,5
1363,2,5
1364,2,5
1365,2,5
1366,2,5
1367,2,5
1368,2,5
1369,2,5
1370,2,5
1371,2,5
1372,2,5
1373,2,5
1374,2,5
1375,2,5
1376,2,5
1377,2,5
1378,2,5
1379,2,5
1380,2,5
1381,2,5
1382,2,5
1383,2,5
1384,2,5
1385,2,5
1386,2,5
1387,2,5
1388,2,5
1389,2,5
1390,2,5
1391,2,5
1392,2,5
1393,2,5
1394,2,5
1395,1,2
1396,1,2
1397,1,2
1398,1,2
1399,1,2
1400,1,2
1401,1,2
1402,1,2
1403,1,2
1404,1,2
1405,1,2
1406,1,2
1407,1,2
1408,1,2
1409,1,2
1410,1,2
1411,1,2
1412,1,2
1413,1,2
1414,1,2
1415,1,2
1416,1,2
1417,1,2
1418,1,2
1419,1,2
1420,1,2
1421,1,2
1422,1,2
1423,1,2
1424,1,2
1425,1,2
1426,1,2
1427,1,2
1428,1,2
1429,1,2
1430,1,2
1431,1,2
1432,1,2
1433,1,2
1434,1,2
1435,1,2
1436,1,2
1437,1,2
1438,1,2
1439,1,2
1440,1,2
1441,1,2
1442,1,2
1443,1,2
1444,1,2
1445,1,2
1446,1,2
1447,1,2
1448,1,2
1449,1,2
1450,1,2
1451,1,2
1452,1,2
1453,1,2
1454,1,2
1455,1,2
1456,1,2
1457,1,2
1458,1,2
1459,1,2
1460,1,2
1461,1,2
1462,1,2
1463,1,2
1464,1,2
1465,1,2
1466,1,2
1467,1,2
1468,1,2
1469,1,2
1470,1,2
1471,1,2
1472,1,2
1473,1,2
1474,1,2
1475,1,2
1476,1,2
1477,1,2
1478,1,2
1479,1,2
1480,1,2
1481,1,2
1482,1,2
1483,1,2
1484,1,2
1485,1,2
1486,1,2
1487,1,2
1488,1,2
1489,1,2
1490,1,2
1491,1,2
1492,1,2
1493,1,2
1494,1,2
1495,1,2
1496,1,2
1497,1,2
1498,1,2
1499,1,2
1500,1,2
1501,1,2
1502,1,2
1503,1,2
1504,1,2
1505,1,2
1506,1,2
1507,1,2
1508,1,2
1509,1,2
1510,1,2
1511,1,2
1512,1,2
1513,1,2
1514,1,2
1515,1,2
1516,1,2
1517,1,2
1518,1,2
1519,1,2
1520,1,2
1521,1,2
1522,1,2
1523,1,2
1524,1,2
1525,1,2
1526,1,2
1527,1,2
1528,1,2
1529,1,2
1530,1,2
1531,1,2
1532,1,2
1533,1,2
1534,1,2
1535,1,2
1536,1,2
1537,1,2
1538,1,2
1539,1,2
1540,1,2
1541,1,2
1542,1,2
1543,1,2
1544,1,2
1545,1,2
1546,1,2
1547,1,2
1548,1,2
1549,1,2
1550,1,2
1551,1,2
1552,1,2
1553,1,2
1554,1,2
1555,1,2
1556,1,2
1557,1,2
1558,1,2
1559,1,2
1560,1,2
1561,1,2
1562,1,2
1563,1,2
1564,1,2
1565,1,2
1566,1,2
1567,1,2
1568,1,2
1569,1,2
1570,1,2
1571,1,2
1572,1,2
1573,1,2
1574,1,2
1575,1,2
1576,1,2
1577,1,2
1578,1,2
1579,1,2
1580,1,2
1581,1,2
1582,1,2
1583,1,2
1584,1,2
1585,1,2
1586,1,2
1587,1,2
1588,1,2
1589,1,2
1590,1,2
1591,1,2
1592,1,2
1593,1,2
1594,1,2
1595,1,2
1596,1,2
1597,1,2
1598,1,2
1599,1,2
1600,1,2
1601,1,2
1602,1,2
1603,1,2
1604,1,2
1605,1,2
1606,1,2
1607,1,2
1608,1,2
1609,1,2
1610,1,2
1611,1,2
1612,1,2
1613,1,2
1614,1,2
1615,1,2
1616,1,2
1617,1,2
1618,1,2
1619,1,2
1620,1,2
1621,1,2
1622,1,2
1623,1,2
1624,1,2
1625,1,2
1626,1,2
1627,1,2
1628,1,2
1629,1,2
1630,1,2
1631,1,2
1632,1,2
1633,1,2
1634,1,2
1635,1,2
1636,1,2
1637,1,2
1638,1,2
1639,1,2
1640,1,2
1641,1,2
1642,1,2
1643,1,2
1644,1,2
1645,1,2
1646,1,2
1647,1,2
1648,1,2
1649,1,2
1650,1,2
1651,1,2
1652,1,2
1653,1,2
1654,1,2
1655,1,2
1656,1,2
1657,1,2
1658,1,2
1659,1,2
1660,1,2
1661,1,2
1662,1,2
1663,1,2
1664,1,2
1665,1,2
1666,1,2
1667,1,2
1668,1,2
1669,1,2
1670,1,2
1671,1,2
1672,1,2
1673,1,2
1674,1,2
1675,1,2
1676,1,2
1677,1,2
1678,1,2
1679,1,2
1680,1,2
1681,1,2
1682,1,2
1683,1,2
1684,1,2
1685,1,2
1686,1,2
1687,1,2
1688,1,2
1689,1,2
1690,1,2
1691,1,2
1692,1,2
1693,1,2
1694,1,2
1695,1,2
1696,1,2
1697,1,2
1698,1,2
1699,1,2
1700,1,2
1701,1,2
1702,1,2
1703,1,2
1704,1,2
1705,1,2
1706,1,2
1707,1,2
1708,1,2
1709,1,2
1710,1,2
1711,1,2
1712,1,2
1713,1,2
1714,1,2
1715,1,2
1716,1,2
1717,1,2
1718,1,2
1719,1,2
1720,1,2
1721,1,2
1722,1,2
1723,1,2
1724,1,2
1725,1,2
1726,1,2
1727,1,2
1728,1,2
1729,1,2
1730,1,2
1731,1,2
1732,1,2
1733,1,2
1734,1,2
1735,1,2
1736,1,2
1737,1,2
1738,1,2
1739,1,2
1740,1,2
1741,1,2
1742,1,2
1743,1,2
1744,1,2
1745,1,2
1746,1,2
1747,1,2
1748,1,2
1749,1,2
1750,1,2
1751,1,2
1752,1,2
1753,1,2
1754,1,2
1755,1,2
1756,1,2
1757,1,2
1758,1,2
1759,1,2
1760,1,2
1761,1,2
1762,1,2
1763,1,2
1764,1,2
1765,1,2
1766,1,2
1767,1,2
1768,1,2
1769,1,2
1770,1,2
1771,1,2
1772,1,2
1773,1,2
1774,1,2
1775,1,2
1776,1,2
1777,1,2
1778,1,2
1779,1,2
1780,1,2
1781,1,2
1782,1,2
1783,1,2
1784,1,2
1785,1,2
1786,1,2
1787,1,2
1788,1,2
1789,1,2
1790,1,2
1791,1,2
1792,1,2
1793,1,2
1794,1,2
1795,1,2
1796,1,2
1797,1,2
1798,1,2
1799,1,2
1800,1,2
1801,1,2
1802,1,2
1803,1,2
1804,1,2
1805,1,2
1806,1,2
1807,1,2
1808,1,2
1809,1,2
1810,1,2
1811,1,2
1812,1,2
1813,1,2
1814,1,2
1815,1,2
1816,1,2
1817,1,2
1818,1,2
1819,1,2
1820,1,2
1821,1,2
1822,1,2
1823,1,2
1824,1,2
1825,1,2
1826,1,2
1827,1,2
1828,1,2
1829,1,2
1830,1,2
1831,1,2
1832,1,2
1833,1,2
1834,1,2
1835,1,2
1836,1,2
1837,1,2
1838,1,2
1839,1,2
1840,1,2
1841,1,2
1842,1,2
1843,1,2
1844,1,2
1845,1,2
1846,1,2
1847,1,2
1848,1,2
1849,1,2
1850,1,2
1851,1,2
1852,1,2
1853,1,2
1854,1,2
1855,1,2
1856,1,2
1857,1,2
1858,1,2
1859,1,2
1860,1,2
1861,1,2
1862,1,2
1863,1,2
1864,1,2
1865,1,2
1866,1,2
1867,1,2
1868,1,2
1869,1,2
1870,1,2
1871,1,2
1872,1,2
1873,1,2
1874,1,2
1875,1,2
1876,1,2
1877,1,2
1878,1,2
1879,1,2
1880,1,2
1881,1,2
1882,1,2
1883,1,2
1884,1,2
1885,1,2
1886,1,2
1887,1,2
1888,1,2
1889,1,2
1890,1,2
1891,1,2
1892,1,2
1893,1,2
1894,1,2
1895,1,2
1896,1,2
1897,1,2
1898,1,2
1899,1,2
1900,1,2
1901,1,2
1902,1,2
1903,1,2
1904,1,2
1905,1,2
1906,1,2
1907,1,2
1908,1,2
1909,1,2
1910,1,2
1911,1,2
1912,1,2
1913,1,2
1914,1,2
1915,1,2
1916,1,2
1917,1,2
1918,1,2
1919,1,2
1920,1,2
1921,1,2
1922,1,2
1923,1,2
1924,1,2
1925,1,2
1926,1,2
1927,1,2
1928,1,2
1929,1,2
1930,1,2
1931,1,2
1932,1,2
1933,1,2
1934,1,2
1935,1,2
1936,1,2
1937,1,2
1938,1,2
1939,1,2
1940,1,2
1941,1,2
1942,1,2
1943,1,2
1944,1,2
1945,1,2
1946,1,2
1947,1,2
1948,1,2
1949,1,2
1950,1,2
1951,1,2
1952,1,2
1953,1,2
1954,1,2
1955,1,2
1956,1,2
1957,1,2
1958,1,2
1959,1,2
1960,1,2
1961,1,2
1962,1,2
1963,1,2
1964,1,2
1965,1,2
1966,1,2
1967,1,2
1968,1,2
1969,1,2
1970,1,2
1971,1,2
1972,1,2
1973,1,2
1974,1,2
1975,1,2
1976,1,2
1977,1,2
1978,1,2
1979,1,2
1980,1,2
1981,1,2
1982,1,2
1983,1,2
1984,1,2
1985,1,2
1986,1,2
1987,1,2
1988,1,2
1989,1,2
1990,1,2
1991,1,2
1992,1,2
1993,1,2
1994,1,2
1995,1,2
1996,1,2
1997,1,2
1998,1,2
1999,1,2
2000,1,2
2001,1,2
2002,1,2
2003,1,2
2004,1,2
2005,1,2
2006,1,2
2007,1,2
2008,1,2
2009,1,2
2010,1,2
2011,1,2
2012,1,2
2013,1,2
2014,1,2
2015,1,2
2016,1,2
2017,1,2
2018,1,2
2019,1,2
2020,1,2
2021,1,2
2022,1,2
2023,1,2
2024,1,2
2025,1,2
2026,1,2
2027,1,2
2028,1,2
2029,1,2
2030,1,2
2031,1,2
2032,1,2
2033,1,2
2034,1,2
2035,1,2
2036,1,2
2037,1,2
2038,1,2
2039,1,2
2040,1,2
2041,1,2
2042,1,2
2043,1,2
2044,1,2
2045,1,2
2046,1,2
2047,1,2
2048,1,2
2049,1,2
2050,1,2
2051,1,2
2052,1,2
2053,1,2
2054,1,2
2055,1,2
2056,1,2
2057,1,2
2058,1,2
2059,1,2
2060,1,2
2061,1,2
2062,1,2
2063,1,2
2064,1,2
2065,1,2
2066,1,2
2067,1,2
2068,1,2
2069,1,2
2070,1,2
2071,1,2
2072,1,2
2073,1,2
2074,1,2
2075,1,2
2076,1,2
2077,1,2
2078,1,2
2079,1,2
2080,1,2
2081,1,2
2082,1,2
2083,1,2
2084,1,2
2085,1,2
2086,1,2
2087,1,2
2088,1,2
2089,1,2
2090,1,2
2091,1,2
2092,1,2
2093,1,2
2094,1,2
2095,1,2
2096,1,2
2097,1,2
2098,1,2
2099,1,2
2100,1,2
2101,1,2
2102,1,2
2103,1,2
2104,1,2
2105,1,2
2106,1,2
2107,1,2
2108,1,2
2109,1,2
2110,1,2
2111,1,2
2112,1,2
2113,1,2
2114,1,2
2115,1,2
2116,1,2
2117,1,2
2118,1,2
2119,1,2
2120,1,2
2121,1,2
2122,1,2
2123,1,2
2124,1,2
2125,1,2
2126,1,2
2127,1,2
2128,1,2
2129,1,2
2130,1,2
2131,1,2
2132,1,2
2133,1,2
2134,1,2
2135,1,2
2136,1,2
2137,1,2
2138,1,2
2139,1,2
2140,1,2
2141,1,2
2142,1,2
2143,1,2
2144,1,2
2145,1,2
2146,1,2
2147,1,2
2148,1,2
2149,1,2
2150,1,2
2151,1,2
2152,1,2
2153,1,2
2154,1,2
2155,1,2
2156,1,2
2157,1,2
2158,1,2
2159,1,2
2160,1,2
2161,1,2
2162,1,2
2163,1,2
2164,1,2
2165,1,2
2166,1,2
2167,1,2
2168,1,2
2169,1,2
2170,1,2
2171,1,2
2172,1,2
2173,1,2
2174,1,2
2175,1,2
2176,1,2
2177,1,2
2178,1,2
2179,1,2
2180,1,2
2181,1,2
2182,1,2
2183,1,2
2184,1,2
2185,1,2
2186,1,2
2187,1,2
2188,1,2
2189,1,2
2190,1,2
2191,1,2
2192,1,2
2193,1,2
2194,1,2
2195,1,2
2196,1,2
2197,1,2
2198,1,2
2199,1,2
2200,1,2
2201,1,2
2202,1,2
2203,1,2
2204,1,2
2205,1,2
2206,1,2
2207,1,2
2208,1,2
2209,1,2
2210,1,2
2211,1,2
2212,1,2
2213,1,2
2214,1,2
2215,1,2
2216,1,2
2217,1,2
2218,1,2
2219,1,2
2220,1,2
2221,1,2
2222,1,2
2223,1,2
2224,1,2
2225,1,2
2226,1,2
2227,1,2
2228,1,2
2229,1,2
2230,1,2
2231,1,2
2232,1,2
2233,1,2
2234,1,2
2235,1,2
2236,1,2
2237,1,2
2238,1,2
2239,1,2
2240,1,2
2241,1,2
2242,1,2
2243,1,2
2244,1,2
2245,1,2
2246,1,2
2247,1,2
2248,1,2
2249,1,2
2250,1,2
2251,1,2
2252,1,2
2253,1,2
2254,1,2
2255,1,2
2256,1,2
2257,1,2
2258,1,2
2259,1,2
2260,1,2
2261,1,2
2262,1,2
2263,1,2
2264,1,2
2265,1,2
2266,1,2
2267,1,2
2268,1,2
2269,1,2
2270,1,2
2271,1,2
2272,1,2
2273,1,2
2274,1,2
2275,1,2
2276,1,2
2277,1,2
2278,1,2
2279,1,2
2280,1,2
2281,1,2
2282,1,2
2283,1,2
2284,1,2
2285,1,2
2286,1,2
2287,1,2
2288,1,2
2289,1,2
2290,1,2
2291,1,2
2292,1,2
2293,1,2
2294,1,2
2295,1,2
2296,1,2
2297,1,2
2298,1,2
2299,1,2
2300,1,2
2301,1,2
2302,1,2
2303,1,2
2304,1,2
2305,1,2
2306,1,2
2307,1,2
2308,1,2
2309,1,2
2310,1,2
2311,1,2
2312,1,2
2313,1,2
2314,1,2
2315,1,2
2316,1,2
2317,1,2
2318,1,2
2319,1,2
2320,1,2
2321,1,2
2322,1,2
2323,1,2
2324,1,2
2325,1,2
2326,1,2
2327,1,2
2328,1,2
2329,1,2
2330,1,2
2331,1,2
2332,1,2
2333,1,2
2334,1,2
2335,1,2
2336,1,2
2337,1,2
2338,1,2
2339,1,2
2340,1,2
2341,1,2
2342,1,2
2343,1,2
2344,1,2
2345,1,2
2346,1,2
2347,1,2
2348,1,2
2349,1,2
2350,1,2
2351,1,2
2352,1,2
2353,1,2
2354,1,2
2355,1,2
2356,1,2
2357,1,2
2358,1,2
2359,1,2
2360,1,2
2361,1,2
2362,1,2
2363,1,2
2364,1,2
2365,1,2
2366,1,2
2367,1,2
2368,1,2
2369,1,2
2370,1,2
2371,1,2
2372,1,2
2373,1,2
2374,1,2
2375,1,2
2376,1,2
2377,1,2
2378,1,2
2379,1,2
2380,1,2
2381,1,2
2382,1,2
2383,1,2
2384,1,2
2385,1,2
2386,1,2
2387,1,2
2388,1,2
2389,1,2
2390,1,2
2391,1,2
2392,1,2
2393,1,2
2394,1,2
2395,1,2
2396,1,2
2397,1,2
2398,1,2
2399,1,2
2400,1,2
2401,1,2
2402,1,2
2403,1,2
2404,1,2
2405,1,2
2406,1,2
2407,1,2
2408,1,2
2409,1,2
2410,1,2
2411,1,2
2412,1,2
2413,1,2
2414,1,2
2415,1,2
2416,1,2
2417,1,2
2418,1,2
2419,1,2
2420,1,2
2421,1,2
2422,1,2
2423,1,2
2424,1,2
2425,1,2
2426,1,2
2427,1,2
2428,1,2
2429,1,2
2430,1,2
2431,1,2
2432,1,2
2433,1,2
2434,1,2
2435,1,2
2436,1,2
2437,1,2
2438,1,2
2439,1,2
2440,1,2
2441,1,2
2442,1,2
2443,1,2
2444,1,2
2445,1,2
2446,1,2
2447,1,2
2448,1,2
2449,1,2
2450,1,2
2451,1,2
2452,1,2
2453,1,2
2454,1,2
2455,1,2
2456,1,2
2457,1,2
2458,1,2
2459,1,2
2460,1,2
2461,1,2
2462,1,2
2463,1,2
2464,1,2
2465,1,2
2466,1,2
2467,1,2
2468,1,2
2469,1,2
2470,1,2
2471,1,2
2472,1,2
2473,1,2
2474,1,2
2475,1,2
2476,1,2
2477,1,2
2478,1,2
2479,1,2
2480,1,2
2481,1,2
2482,1,2
2483,1,2
2484,1,2
2485,1,2
2486,1,2
2487,1,2
2488,1,2
2489,1,2
2490,1,2
2491,1,2
2492,1,2
2493,1,2
2494,1,2
2495,1,2
2496,1,2
2497,1,2
2498,1,2
2499,1,2
2500,1,2
2501,1,2
2502,1,2
2503,1,2
2504,1,2
2505,1,2
2506,1,2
2507,1,2
2508,1,2
2509,1,2
2510,1,2
2511,1,2
2512,1,2
2513,1,2
2514,1,2
2515,1,2
2516,1,2
2517,1,2
2518,1,2
2519,1,2
2520,1,2
2521,1,2
2522,1,2
2523,1,2
2524,1,2
2525,1,2
2526,1,2
2527,1,2
2528,1,2
2529,1,2
2530,1,2
2531,1,2
2532,1,2
2533,1,2
2534,1,2
2535,1,2
2536,1,2
2537,1,2
2538,1,2
2539,1,2
2540,1,2
2541,1,2
2542,1,2
2543,1,2
2544,1,2
2545,1,2
2546,1,2
2547,1,2
2548,1,2
2549,1,2
2550,1,2
2551,1,2
2552,1,2
2553,1,2
2554,1,2
2555,1,2
2556,1,2
2557,1,2
2558,1,2
2559,1,2
2560,1,2
2561,1,2
2562,1,2
2563,1,2
2564,1,2
2565,1,2
2566,1,2
2567,1,2
2568,1,2
2569,1,2
2570,1,2
2571,1,2
2572,1,2
2573,1,2
2574,1,2
2575,1,2
2576,1,2
2577,1,2
2578,1,2
2579,1,2
2580,1,2
2581,1,2
2582,1,2
2583,1,2
2584,1,2
2585,1,2
2586,1,2
2587,1,2
2588,1,2
2589,1,2
2590,1,2
2591,1,2
2592,1,2
2593,1,2
2594,1,2
2595,1,2
2596,1,2
2597,1,2
2598,1,2
2599,1,2
2600,1,2
2601,1,2
2602,1,2
2603,1,2
2604,1,2
2605,1,2
2606,1,2
2607,1,2
2608,1,2
2609,1,2
2610,1,2
2611,1,2
2612,1,2
2613,1,2
2614,1,2
2615,1,2
2616,1,2
2617,1,2
2618,1,2
2619,1,2
2620,1,2
2621,1,2
2622,1,2
2623,1,2
2624,1,2
2625,1,2
2626,1,2
2627,1,2
2628,1,2
2629,1,2
2630,1,2
2631,1,2
2632,1,2
2633,1,2
2634,1,2
2635,1,2
2636,1,2
2637,1,2
2638,1,2
2639,1,2
2640,1,2
2641,1,2
2642,1,2
2643,1,2
2644,1,2
2645,1,2
2646,1,2
2647,1,2
2648,1,2
2649,1,2
2650,1,2
2651,1,2
2652,1,2
2653,1,2
2654,1,2
2655,1,2
2656,1,2
2657,1,2
2658,1,2
2659,1,2
2660,1,2
2661,1,2
2662,1,2
2663,1,2
2664,1,2
2665,1,2
2666,1,2
2667,1,2
2668,1,2
2669,1,2
2670,1,2
2671,1,2
2672,1,2
2673,1,2
2674,1,2
2675,1,2
2676,1,2
2677,1,2
2678,1,2
2679,1,2
2680,1,2
2681,1,2
2682,1,2
2683,1,2
2684,1,2
2685,1,2
2686,1,2
2687,1,2
2688,1,2
2689,1,2
2690,1,2
2691,1,2
2692,1,2
2693,1,2
2694,1,2
2695,1,2
2696,1,2
2697,1,2
2698,1,2
2699,1,2
2700,1,2
2701,1,2
2702,1,2
2703,1,2
2704,1,2
2705,1,2
2706,1,2
2707,1,2
2708,1,2
2709,1,2
2710,1,2
2711,1,2
2712,1,2
2713,1,2
2714,1,2
2715,1,2
2716,1,2
2717,1,2
2718,1,2
2719,1,2
2720,1,2
2721,1,2
2722,1,2
2723,1,2
2724,1,2
2725,1,2
2726,1,2
2727,1,2
2728,1,2
2729,1,2
2730,1,2
2731,1,2
2732,1,2
2733,1,2
2734,1,2
2735,1,2
2736,1,2
2737,1,2
2738,1,2
2739,1,2
2740,1,2
2741,1,2
2742,1,2
2743,1,2
2744,1,2
2745,1,2
2746,1,2
2747,1,2
2748,1,2
2749,1,2
2750,1,2
2751,1,2
2752,1,2
2753,1,2
2754,1,2
2755,1,2
2756,1,2
2757,1,2
2758,1,2
2759,1,2
2760,1,2
2761,1,2
2762,1,2
2763,1,2
2764,1,2
2765,1,2
2766,1,2
2767,1,2
2768,1,2
2769,1,2
2770,1,2
2771,1,2
2772,1,2
2773,1,2
2774,1,2
2775,1,2
2776,1,2
2777,1,2
2778,1,2
2779,1,2
2780,1,2
2781,1,2
2782,1,2
2783,1,2
2784,1,2
2785,1,2
2786,1,2
2787,1,2
2788,1,2
2789,1,2
2790,1,2
2791,1,2
2792,1,2
2793,1,2
2794,1,2
2795,1,2
2796,1,2
2797,1,2
2798,1,2
2799,1,2
2800,1,2
2801,1,2
2802,1,2
2803,1,2
2804,1,2
2805,1,2
2806,1,2
2807,1,2
2808,1,2
2809,1,2
2810,1,2
2811,1,2
2812,1,2
2813,1,2
2814,1,2
2815,1,2
2816,1,2
2817,1,2
2818,1,2
2819,1,2
2820,1,2
2821,1,2
2822,1,2
2823,1,2
2824,1,2
2825,1,2
2826,1,2
2827,1,2
2828,1,2
2829,1,2
2830,1,2
2831,1,2
2832,1,2
2833,1,2
2834,1,2
2835,1,2
2836,1,2
2837,1,2
2838,1,2
2839,1,2
2840,1,2
2841,1,2
2842,1,2
2843,1,2
2844,1,2
2845,1,2
2846,1,2
2847,1,2
2848,1,2
2849,1,2
2850,1,2
2851,1,2
2852,1,2
2853,1,2
2854,1,2
2855,1,2
2856,1,2
2857,1,2
2858,1,2
2859,1,2
2860,1,2
2861,1,2
2862,1,2
2863,1,2
2864,1,2
2865,1,2
2866,1,2
2867,1,2
2868,1,2
2869,1,2
2870,1,2
2871,1,2
2872,1,2
2873,1,2
2874,1,2
2875,1,2
2876,1,2
2877,1,2
2878,1,2
2879,1,2
2880,1,2
2881,1,2
2882,1,2
2883,1,2
2884,1,2
2885,1,2
2886,1,2
2887,1,2
2888,1,2
2889,1,2
2890,1,2
2891,1,2
2892,1,2
2893,1,2
2894,1,2
2895,1,2
2896,1,2
2897,1,2
2898,1,2
2899,1,2
2900,1,2
2901,1,2
2902,1,2
2903,1,2
2904,1,2
2905,1,2
2906,1,2
2907,1,2
2908,1,2
2909,1,2
2910,1,2
2911,1,2
2912,1,2
2913,1,2
2914,1,2
2915,1,2
2916,1,2
2917,1,2
2918,1,2
2919,1,2
2920,1,2
2921,1,2
2922,1,2
2923,1,2
2924,1,2
2925,1,2
2926,1,2
2927,1,2
2928,1,2
2929,1,2
2930,1,2
2931,1,2
2932,1,2
2933,1,2
2934,1,2
2935,1,2
2936,1,2
2937,1,2
2938,1,2
2939,1,2
2940,1,2
2941,1,2
2942,1,2
2943,1,2
2944,1,2
2945,1,2
2946,1,2
2947,1,2
2948,1,2
2949,1,2
2950,1,2
2951,1,2
2952,1,2
2953,1,2
2954,1,2
2955,1,2
2956,1,2
2957,1,2
2958,1,2
2959,1,2
2960,1,2
2961,1,2
2962,1,2
2963,1,2
2964,1,2
2965,1,2
2966,1,2
2967,1,2
2968,1,2
2969,1,2
2970,1,2
2971,1,2
2972,1,2
2973,1,2
2974,1,2
2975,1,2
2976,1,2
2977,1,2
2978,1,2
2979,1,2
2980,1,2
2981,1,2
2982,1,2
2983,1,2
2984,1,2
2985,1,2
2986,1,2
2987,1,2
2988,1,2
2989,1,2
2990,1,2
2991,1,2
2992,1,2
2993,1,2
2994,1,2
2995,1,2
2996,1,2
2997,1,2
2998,1,2
2999,1,2
3000,1,2
3001,1,2
3002,1,2
3003,1,2
3004,1,2
3005,1,2
3006,1,2
3007,1,2
3008,1,2
3009,1,2
3010,1,2
3011,1,2
3012,1,2
3013,1,2
3014,1,2
3015,1,2
3016,1,2
3017,1,2
3018,1,2
3019,1,2
3020,1,2
3021,1,2
3022,1,2
3023,1,2
3024,1,2
3025,1,2
3026,1,2
3027,1,2
3028,1,2
3029,1,2
3030,1,2
3031,1,2
3032,1,2
3033,1,2
3034,1,2
3035,1,2
3036,1,2
3037,1,2
3038,1,2
3039,1,2
3040,1,2
3041,1,2
3042,1,2
3043,1,2
3044,1,2
3045,1,2
3046,1,2
3047,1,2
3048,1,2
3049,1,2
3050,1,2
3051,1,2
3052,1,2
3053,1,2
3054,1,2
3055,1,2
3056,1,2
3057,1,2
3058,1,2
3059,1,2
3060,1,2
3061,1,2
3062,1,2
3063,1,2
3064,1,2
3065,1,2
3066,1,2
3067,1,2
3068,1,2
3069,1,2
3070,1,2
3071,1,2
3072,1,2
3073,1,2
3074,1,2
3075,1,2
3076,1,2
3077,1,2
3078,1,2
3079,1,2
3080,1,2
3081,1,2
3082,1,2
3083,1,2
3084,1,2
3085,1,2
3086,1,2
3087,1,2
3088,1,2
3089,1,2
3090,1,2
3091,1,2
3092,1,2
3093,1,2
3094,1,2
3095,1,2
3096,1,2
3097,1,2
3098,1,2
3099,1,2
3100,1,2
3101,1,2
3102,1,2
3103,1,2
3104,1,2
3105,1,2
3106,1,2
3107,1,2
3108,1,2
3109,1,2
3110,1,2
3111,1,2
3112,1,2
3113,1,2
3114,1,2
3115,1,2
3116,1,2
3117,1,2
3118,1,2
3119,1,2
3120,1,2
3121,1,2
3122,1,2
3123,1,2
3124,1,2
3125,1,2
3126,1,2
3127,1,2
3128,1,2
3129,1,2
3130,1,2
3131,1,2
3132,1,2
3133,1,2
3134,1,2
3135,1,2
3136,1,2
3137,1,2
3138,1,2
3139,1,2
3140,1,2
3141,1,2
3142,1,2
3143,1,2
3144,1,2
3145,1,2
3146,1,2
3147,1,2
3148,1,2
3149,1,2
3150,1,2
3151,1,2
3152,1,2
3153,1,2
3154,1,2
3155,1,2
3156,1,2
3157,1,2
3158,1,2
3159,1,2
3160,1,2
3161,1,2
3162,1,2
3163,1,2
3164,1,2
3165,1,2
3166,1,2
3167,1,2
3168,1,2
3169,1,2
3170,1,2
3171,1,2
3172,1,2
3173,1,2
3174,1,2
3175,1,2
3176,1,2
3177,1,2
3178,1,2
3179,1,2
3180,1,2
3181,1,2
3182,1,2
3183,1,2
3184,1,2
3185,1,2
3186,1,2
3187,1,2
3188,1,2
3189,1,2
3190,1,2
3191,1,2
3192,1,2
3193,1,2
3194,1,2
3195,1,2
3196,1,2
3197,1,2
3198,1,2
3199,1,2
3200,1,2
3201,1,2
3202,1,2
3203,1,2
3204,1,2
3205,1,2
3206,1,2
3207,1,2
3208,1,2
3209,1,2
3210,1,2
3211,1,2
3212,1,2
3213,1,2
3214,1,2
3215,1,2
3216,1,2
3217,1,2
3218,1,2
3219,1,2
3220,1,2
3221,1,2
3222,1,2
3223,1,2
3224,1,2
3225,1,2
3226,1,2
3227,1,2
3228,1,2
3229,1,2
3230,1,2
3231,1,2
3232,1,2
3233,1,2
3234,1,2
3235,1,2
3236,1,2
3237,1,2
3238,1,2
3239,1,2
3240,1,2
3241,1,2
3242,1,2
3243,1,2
3244,1,2
3245,1,2
3246,1,2
3247,1,2
3248,1,2
3249,1,2
3250,1,2
3251,1,2
3252,1,2
3253,1,2
3254,1,2
3255,1,2
3256,1,2
3257,1,2
3258,1,2
3259,1,2
3260,1,2
3261,1,2
3262,1,2
3263,1,2
3264,1,2
3265,1,2
3266,1,2
3267,1,2
3268,1,2
3269,1,2
3270,1,2
3271,1,2
3272,1,2
3273,1,2
3274,1,2
3275,1,2
3276,1,2
3277,1,2
3278,1,2
3279,1,2
3280,1,2
3281,1,2
3282,1,2
3283,1,2
3284,1,2
3285,1,2
3286,1,2
3287,1,2
3288,1,2
3289,1,2
3290,1,2
3291,1,2
3292,1,2
3293,1,2
3294,1,2
3295,1,2
3296,1,2
3297,1,2
3298,1,2
3299,1,2
3300,1,2
3301,1,2
3302,1,2
3303,1,2
3304,1,2
3305,1,2
3306,1,2
3307,1,2
3308,1,2
3309,1,2
3310,1,2
3311,1,2
3312,1,2
3313,1,2
3314,1,2
3315,1,2
3316,1,2
3317,1,2
3318,1,2
3319,1,2
3320,1,2
3321,1,2
3322,1,2
3323,1,2
3324,1,2
3325,1,2
3326,1,2
3327,1,2
3328,1,2
3329,1,2
3330,1,2
3331,1,2
3332,1,2
3333,1,2
3334,1,2
3335,1,2
3336,1,2
3337,1,2
3338,1,2
3339,1,2
3340,1,2
3341,1,2
3342,1,2
3343,1,2
3344,1,2
3345,1,2
3346,1,2
3347,1,2
3348,1,2
3349,1,2
3350,1,2
3351,1,2
3352,1,2
3353,1,2
3354,1,2
3355,1,2
3356,1,2
3357,1,2
3358,1,2
3359,1,2
3360,1,2
3361,1,2
3362,1,2
3363,1,2
3364,1,2
3365,1,2
3366,1,2
3367,1,2
3368,1,2
3369,1,2
3370,1,2
3371,1,2
3372,1,2
3373,1,2
3374,1,2
3375,1,2
3376,1,2
3377,1,2
3378,1,2
3379,1,2
3380,1,2
3381,1,2
3382,1,2
3383,1,2
3384,1,2
3385,1,2
3386,1,2
3387,1,2
3388,1,2
3389,1,2
3390,1,2
3391,1,2
3392,1,2
3393,1,2
3394,1,2
3395,1,2
3396,1,2
3397,1,2
3398,1,2
3399,1,2
3400,1,2
3401,1,2
3402,1,2
3403,1,2
3404,1,2
3405,1,2
3406,1,2
3407,1,2
3408,1,2
3409,1,2
3410,1,2
3411,1,2
3412,1,2
3413,1,2
3414,1,2
3415,1,2
3416,1,2
3417,1,2
3418,1,2
3419,1,2
3420,1,2
3421,1,2
3422,1,2
3423,1,2
3424,1,2
3425,1,2
3426,1,2
3427,1,2
3428,1,2
3429,1,2
3430,1,2
3431,1,2
3432,1,2
3433,1,2
3434,1,2
3435,1,2
3436,1,2
3437,1,2
3438,1,2
3439,1,2
3440,1,2
3441,1,2
3442,1,2
3443,1,2
3444,1,2
3445,1,2
3446,1,2
3447,1,2
3448,1,2
3449,1,2
3450,1,2
3451,1,2
3452,1,2
3453,1,2
3454,1,2
3455,1,2
3456,1,2
3457,1,2
3458,1,2
3459,1,2
3460,1,2
3461,1,2
3462,1,2
3463,1,2
3464,1,2
3465,1,2
3466,1,2
3467,1,2
3468,1,2
3469,1,2
3470,1,2
3471,1,2
3472,1,2
3473,1,2
3474,1,2
3475,1,2
3476,1,2
3477,1,2
3478,1,2
3479,1,2
3480,1,2
3481,1,2
3482,1,2
3483,1,2
3484,1,2
3485,1,2
3486,1,2
3487,1,2
3488,1,2
3489,1,2
3490,1,2
3491,1,2
3492,1,2
3493,1,2
3494,1,2
3495,1,2
3496,1,2
3497,1,2
3498,1,2
3499,1,2
3500,1,2
3501,1,2
3502,1,2
3503,1,2
3504,1,2
3505,1,2
3506,1,2
3507,1,2
3508,1,2
3509,1,2
3510,1,2
3511,1,2
3512,1,2
3513,1,2
3514,1,2
3515,1,2
3516,1,2
3517,1,2
3518,1,2
3519,1,2
3520,1,2
3521,1,2
3522,1,2
3523,1,2
3524,1,2
3525,1,2
3526,1,2
3527,1,2
3528,1,2
3529,1,2
3530,1,2
3531,1,2
3532,1,2
3533,1,2
3534,1,2
3535,1,2
3536,1,2
3537,1,2
3538,1,2
3539,1,2
3540,1,2
3541,1,2
3542,1,2
3543,1,2
3544,1,2
3545,1,2
3546,1,2
3547,1,2
3548,1,2
3549,1,2
3550,1,2
3551,1,2
3552,1,2
3553,1,2
3554,1,2
3555,1,2
3556,1,2
3557,1,2
3558,1,2
3559,1,2
3560,1,2
3561,1,2
3562,1,2
3563,1,2
3564,1,2
3565,1,2
3566,1,2
3567,1,2
3568,1,2
3569,1,2
3570,1,2
3571,1,2
3572,1,2
3573,1,2
3574,1,2
3575,1,2
3576,1,2
3577,1,2
3578,1,2
3579,1,2
3580,1,2
3581,1,2
3582,1,2
3583,1,2
3584,1,2
3585,1,2
3586,1,2
3587,1,2
3588,1,2
3589,1,2
3590,1,2
3591,1,2
3592,1,2
3593,1,2
3594,1,2
3595,1,2
3596,1,2
3597,1,2
3598,1,2
3599,1,2
3600,1,2
3601,1,2
3602,1,2
3603,1,2
3604,1,2
3605,1,2
3606,1,2
3607,1,2
3608,1,2
3609,1,2
3610,1,2
3611,1,2
3612,1,2
3613,1,2
3614,1,2
3615,1,2
3616,1,2
3617,1,2
3618,1,2
3619,1,2
3620,1,2
3621,1,2
3622,1,2
3623,1,2
3624,1,2
3625,1,2
3626,1,2
3627,1,2
3628,1,2
3629,1,2
3630,1,2
3631,1,2
3632,1,2
3633,1,2
3634,1,2
3635,1,2
3636,1,2
3637,1,2
3638,1,2
3639,1,2
3640,1,2
3641,1,2
3642,1,2
3643,1,2
3644,1,2
3645,1,2
3646,1,2
3647,1,2
3648,1,2
3649,1,2
3650,1,2
3651,1,2
3652,1,2
3653,1,2
3654,1,2
3655,1,2
3656,1,2
3657,1,2
3658,1,2
3659,1,2
3660,1,2
3661,1,2
3662,1,2
3663,1,2
3664,1,2
3665,1,2
3666,1,2
3667,1,2
3668,1,2
3669,1,2
3670,1,2
3671,1,2
3672,1,2
3673,1,2
3674,1,2
3675,1,2
3676,1,2
3677,1,2
3678,1,2
3679,1,2
3680,1,2
3681,1,2
3682,1,2
3683,1,2
3684,1,2
3685,1,2
3686,1,2
3687,1,2
3688,1,2
3689,1,2
3690,1,2
3691,1,2
3692,1,2
3693,1,2
3694,1,2
3695,1,2
3696,1,2
3697,1,2
3698,1,2
3699,1,2
3700,1,2
3701,1,2
3702,1,2
3703,1,2
3704,1,2
3705,1,2
3706,1,2
3707,1,2
3708,1,2
3709,1,2
3710,1,2
3711,1,2
3712,1,2
3713,1,2
3714,1,2
3715,1,2
3716,1,2
3717,1,2
3718,1,2
3719,1,2
3720,1,2
3721,1,2
3722,1,2
3723,1,2
3724,1,2
3725,1,2
3726,1,2
3727,1,2
3728,1,2
3729,1,2
3730,1,2
3731,1,2
3732,1,2
3733,1,2
3734,1,2
3735,1,2
3736,1,2
3737,1,2
3738,1,2
3739,1,2
3740,1,2
3741,1,2
3742,1,2
3743,1,2
3744,1,2
3745,1,2
3746,1,2
3747,1,2
3748,1,2
3749,1,2
3750,1,2
3751,1,2
3752,1,2
3753,1,2
3754,1,2
3755,1,2
3756,1,2
3757,1,2
